Player,Link
P Amarnath,/cricketers/palani-amarnath-290629
Akash Singh,/cricketers/akash-singh-1175458
MM Ali,/cricketers/moeen-ali-8917
S Anirudha,/cricketers/srikkanth-anirudha-26798
KB Arun Karthik,/cricketers/arun-karthik-319745
R Ashwin,/cricketers/ravichandran-ashwin-26421
KM Asif,/cricketers/km-asif-1083030
S Badree,/cricketers/samuel-badree-51433
S Badrinath,/cricketers/s-badrinath-26806
GJ Bailey,/cricketers/george-bailey-4451
L Balaji,/cricketers/lakshmipathy-balaji-26829
SW Billings,/cricketers/sam-billings-297628
DE Bollinger,/cricketers/doug-bollinger-4508
DJ Bravo,/cricketers/dwayne-bravo-51439
DL Chahar,/cricketers/deepak-chahar-447261
PP Chawla,/cricketers/piyush-chawla-32966
DP Conway,/cricketers/devon-conway-379140
SM Curran,/cricketers/sam-curran-662973
TU Deshpande,/cricketers/tushar-deshpande-822553
MS Dhoni,/cricketers/ms-dhoni-28081
S Dube,/cricketers/shivam-dube-714451
F du Plessis,/cricketers/faf-du-plessis-44828
SP Fleming,/cricketers/stephen-fleming-37000
A Flintoff,/cricketers/andrew-flintoff-12856
RD Gaikwad,/cricketers/ruturaj-gaikwad-1060380
C Ganapathy,/cricketers/chandrasekar-ganapathy-28764
RJ Gleeson,/cricketers/richard-gleeson-473191
MS Gony,/cricketers/manpreet-gony-317293
RS Hangargekar,/cricketers/rajvardhan-hangargekar-1175429
Harbhajan Singh,/cricketers/harbhajan-singh-29264
JW Hastings,/cricketers/john-hastings-228622
ML Hayden,/cricketers/matthew-hayden-5616
JR Hazlewood,/cricketers/josh-hazlewood-288284
BW Hilfenhaus,/cricketers/ben-hilfenhaus-5941
JO Holder,/cricketers/jason-holder-391485
DJ Hussey,/cricketers/david-hussey-5766
MEK Hussey,/cricketers/michael-hussey-5939
Imran Tahir,/cricketers/imran-tahir-40618
RA Jadeja,/cricketers/ravindra-jadeja-234675
KM Jadhav,/cricketers/kedar-jadhav-290716
N Jagadeesan,/cricketers/narayan-jagadeesan-1048813
SB Jakati,/cricketers/shadab-jakati-29655
Joginder Sharma,/cricketers/joginder-sharma-29976
CJ Jordan,/cricketers/chris-jordan-288992
S Randiv,/cricketers/suraj-randiv-50438
CK Kapugedera,/cricketers/chamara-kapugedera-209457
JM Kemp,/cricketers/justin-kemp-45797
SC Kuggeleijn,/cricketers/scott-kuggeleijn-539548
KMDN Kulasekara,/cricketers/nuwan-kulasekara-49535
B Laughlin,/cricketers/ben-laughlin-315623
BB McCullum,/cricketers/brendon-mccullum-37737
SSB Magala,/cricketers/sisanda-magala-379776
VY Mahesh,/cricketers/yo-mahesh-31732
M Manhas,/cricketers/mithun-manhas-31001
AF Milne,/cricketers/adam-milne-450860
DJ Mitchell,/cricketers/daryl-mitchell-381743
Monu Kumar,/cricketers/monu-kumar-694209
RG More,/cricketers/ronit-more-424219
JA Morkel,/cricketers/albie-morkel-46248
CH Morris,/cricketers/chris-morris-439952
Mukesh Choudhary,/cricketers/mukesh-choudhary-1125688
A Mukund,/cricketers/abhinav-mukund-302582
M Muralidaran,/cricketers/muthiah-muralidaran-49636
Mustafizur Rahman,/cricketers/mustafizur-rahman-330902
DP Nannes,/cricketers/dirk-nannes-6981
P Negi,/cricketers/pawan-negi-530773
A Nehra,/cricketers/ashish-nehra-31820
L Ngidi,/cricketers/lungi-ngidi-542023
M Ntini,/cricketers/makhaya-ntini-46592
JDP Oram,/cricketers/jacob-oram-38062
IC Pandey,/cricketers/ishwar-pandey-447439
PA Patel,/cricketers/parthiv-patel-32242
M Pathirana,/cricketers/matheesha-pathirana-1194795
NLTC Perera,/cricketers/thisara-perera-233514
D Pretorius,/cricketers/dwaine-pretorius-327830
AM Rahane,/cricketers/ajinkya-rahane-277916
SK Raina,/cricketers/suresh-raina-33335
AS Rajpoot,/cricketers/ankit-rajpoot-591650
R Ravindra,/cricketers/rachin-ravindra-959767
AT Rayudu,/cricketers/ambati-rayudu-33141
WP Saha,/cricketers/wriddhiman-saha-279810
Sameer Rizvi,/cricketers/sameer-rizvi-1175489
MJ Santner,/cricketers/mitchell-santner-502714
V Shankar,/cricketers/vijay-shankar-477021
KV Sharma,/cricketers/karn-sharma-30288
MM Sharma,/cricketers/mohit-sharma-537119
DR Shorey,/cricketers/dhruv-shorey-590327
Simarjeet Singh,/cricketers/simarjeet-singh-1159722
DR Smith,/cricketers/dwayne-smith-53118
PH Solanki,/cricketers/prashant-solanki-1252337
TG Southee,/cricketers/tim-southee-232364
BA Stokes,/cricketers/ben-stokes-311158
SB Styris,/cricketers/scott-styris-38407
SN Thakur,/cricketers/shardul-thakur-475281
M Theekshana,/cricketers/maheesh-theekshana-1138316
T Thushara,/cricketers/thilan-thushara-49677
S Tyagi,/cricketers/sudeep-tyagi-317784
RV Uthappa,/cricketers/robin-uthappa-35582
S Vidyut,/cricketers/vidyut-sivaramakrishnan-35619
M Vijay,/cricketers/murali-vijay-237095
SR Watson,/cricketers/shane-watson-8180
DJ Willey,/cricketers/david-willey-308251
MA Wood,/cricketers/mark-wood-351588
Anand Rajan,/cricketers/anand-rajan-26797
Anirudh Singh,/cricketers/anirudh-singh-26252
Ankit Sharma,/cricketers/ankit-sharma-422992
A Ashish Reddy,/cricketers/ashish-reddy-389605
SB Bangar,/cricketers/sanjay-bangar-27225
AA Bilakhia,/cricketers/azhar-bilakhia-26946
B Chipli,/cricketers/bharat-chipli-27685
DT Christian,/cricketers/dan-christian-4864
H Das,/cricketers/halhadar-das-236810
KH Devdhar,/cricketers/kedar-devdhar-340063
S Dhawan,/cricketers/shikhar-dhawan-28235
JP Duminy,/cricketers/jean-paul-duminy-44932
FH Edwards,/cricketers/fidel-edwards-51782
HH Gibbs,/cricketers/herschelle-gibbs-45224
AC Gilchrist,/cricketers/adam-gilchrist-5390
Harmeet Singh,/cricketers/harmeet-singh-391128
DJ Harris,/cricketers/daniel-harris-5583
RJ Harris,/cricketers/ryan-harris-5779
IR Jaggi,/cricketers/ishank-jaggi-279554
Jaskaran Singh,/cricketers/jaskaran-singh-376102
AA Jhunjhunwala,/cricketers/abhishek-jhunjhunwala-29702
D Kalyankrishna,/cricketers/doddapaneni-kalyankrishna-30719
VVS Laxman,/cricketers/vvs-laxman-30750
MJ Lumb,/cricketers/michael-lumb-16406
CA Lynn,/cricketers/chris-lynn-326637
I Malhotra,/cricketers/ishan-malhotra-31088
MR Marsh,/cricketers/mitchell-marsh-272450
A Mishra,/cricketers/amit-mishra-31107
MD Mishra,/cricketers/mohnish-mishra-31028
T Mishra,/cricketers/tanmay-mishra-24790
PP Ojha,/cricketers/pragyan-ojha-32130
V Pratap Singh,/cricketers/veer-pratap-singh-528967
DB Ravi Teja,/cricketers/dwaraka-ravi-teja-237701
PA Reddy,/cricketers/akshath-reddy-376109
KAJ Roach,/cricketers/kemar-roach-230553
BB Samantray,/cricketers/biplab-samantray-430125
KC Sangakkara,/cricketers/kumar-sangakkara-50710
PM Sarvesh Kumar,/cricketers/pm-sarvesh-kumar-327127
Shahid Afridi,/cricketers/shahid-afridi-42639
I Sharma,/cricketers/ishant-sharma-236779
R Sharma,/cricketers/rahul-sharma-272994
RG Sharma,/cricketers/rohit-sharma-34102
Shoaib Ahmed,/cricketers/shoaib-ahmed-317709
LPC Silva,/cricketers/chamara-silva-50431
RP Singh,/cricketers/rp-singh-35280
S Sohal,/cricketers/sunny-sohal-228943
DW Steyn,/cricketers/dale-steyn-47492
TP Sudhindra,/cricketers/tp-sudhindra-34139
TL Suman,/cricketers/tirumalasetti-suman-34281
B Sumanth,/cricketers/bodapati-sumanth-253798
A Symonds,/cricketers/andrew-symonds-7702
J Theron,/cricketers/rusty-theron-223642
WPUJC Vaas,/cricketers/chaminda-vaas-50804
Y Venugopal Rao,/cricketers/venugopal-rao-35805
DP Vijaykumar,/cricketers/paidikalva-vijaykumar-272949
CL White,/cricketers/cameron-white-8291
AS Yadav,/cricketers/arjun-yadav-36110
DNT Zoysa,/cricketers/nuwan-zoysa-51050
S Ladda,/cricketers/sarabjit-ladda-317292
AR Bawne,/cricketers/ankit-bawne-327123
VR Aaron,/cricketers/varun-aaron-360911
Abhishek Sharma,/cricketers/abhishek-sharma-1070183
Abishek Porel,/cricketers/abishek-porel-1277545
AB Agarkar,/cricketers/ajit-agarkar-26184
MA Agarwal,/cricketers/mayank-agarawal-398438
KK Ahmed,/cricketers/khaleel-ahmed-942645
Aman Hakim Khan,/cricketers/aman-khan-1254269
CJ Anderson,/cricketers/corey-anderson-277662
Avesh Khan,/cricketers/avesh-khan-694211
KS Bharat,/cricketers/srikar-bharat-529436
R Bhatia,/cricketers/rajat-bhatia-26907
RK Bhui,/cricketers/ricky-bhui-642531
TR Birt,/cricketers/travis-birt-4292
J Botha,/cricketers/johan-botha-44149
TA Boult,/cricketers/trent-boult-277912
DAJ Bracewell,/cricketers/doug-bracewell-362541
CR Brathwaite,/cricketers/carlos-brathwaite-457249
AT Carey,/cricketers/alex-carey-326434
UBT Chand,/cricketers/unmukt-chand-446499
PD Collingwood,/cricketers/paul-collingwood-10772
NM Coulter-Nile,/cricketers/nathan-coulter-nile-261354
PJ Cummins,/cricketers/pat-cummins-489889
TK Curran,/cricketers/tom-curran-550235
CJ Dala,/cricketers/junior-dala-545467
Q de Kock,/cricketers/quinton-de-kock-379143
AB de Villiers,/cricketers/ab-de-villiers-44936
YV Dhull,/cricketers/yash-dhull-1292498
TM Dilshan,/cricketers/tillakaratne-dilshan-48472
AB Dinda,/cricketers/ashok-dinda-227712
P Dubey,/cricketers/praveen-dubey-777515
AJ Finch,/cricketers/aaron-finch-5334
J Fraser-McGurk,/cricketers/jake-fraser-mcgurk-1168049
G Gambhir,/cricketers/gautam-gambhir-28763
PK Garg,/cricketers/priyam-garg-1070180
CM Gautam,/cricketers/chidhambaram-gautam-302208
B Geeves,/cricketers/brett-geeves-5472
Gulbadin Naib,/cricketers/gulbadin-naib-352048
Sunny Gupta,/cricketers/sunny-gupta-271315
MC Henriques,/cricketers/moises-henriques-5961
SO Hetmyer,/cricketers/shimron-hetmyer-670025
SD Hope,/cricketers/shai-hope-581379
JR Hopes,/cricketers/james-hopes-5702
CA Ingram,/cricketers/colin-ingram-45705
SS Iyer,/cricketers/shreyas-iyer-642519
DPMD Jayawardene,/cricketers/mahela-jayawardene-49289
MC Juneja,/cricketers/manprit-juneja-390480
KD Karthik,/cricketers/dinesh-karthik-30045
S Kaul,/cricketers/siddarth-kaul-326017
SN Khan,/cricketers/sarfaraz-khan-642525
Z Khan,/cricketers/zaheer-khan-30102
Kuldeep Yadav,/cricketers/kuldeep-yadav-559235
K Kushagra,/cricketers/kumar-kushagra-1207295
S Lamichhane,/cricketers/sandeep-lamichhane-960361
AB McDonald,/cricketers/andrew-mcdonald-6553
GD McGrath,/cricketers/glenn-mcgrath-6565
MF Maharoof,/cricketers/farveez-maharoof-49638
Mandeep Singh,/cricketers/mandeep-singh-398506
AD Mathews,/cricketers/angelo-mathews-49764
GJ Maxwell,/cricketers/glenn-maxwell-325026
BMAJ Mendis,/cricketers/jeevan-mendis-49700
LI Meriwala,/cricketers/lukman-meriwala-573930
Mohammad Asif,/cricketers/mohammad-asif-41411
Mohammed Shami,/cricketers/mohammed-shami-481896
M Morkel,/cricketers/morne-morkel-46538
Mukesh Kumar,/cricketers/mukesh-kumar-926851
C Munro,/cricketers/colin-munro-232359
DJ Muthuswami,/cricketers/domnic-muthuswami-528985
S Nadeem,/cricketers/shahbaz-nadeem-31872
Y Nagar,/cricketers/yogesh-nagar-317786
KL Nagarkoti,/cricketers/kamlesh-nagarkoti-1070188
KK Nair,/cricketers/karun-nair-398439
JDS Neesham,/cricketers/james-neesham-355269
A Nortje,/cricketers/anrich-nortje-481979
NV Ojha,/cricketers/naman-ojha-32102
MK Pandey,/cricketers/manish-pandey-290630
RR Pant,/cricketers/rishabh-pant-931581
WD Parnell,/cricketers/wayne-parnell-265564
AR Patel,/cricketers/axar-patel-554691
HV Patel,/cricketers/harshal-patel-390481
RV Patel,/cricketers/ripal-patel-1201520
IK Pathan,/cricketers/irfan-pathan-32685
KMA Paul,/cricketers/keemo-paul-677081
KP Pietersen,/cricketers/kevin-pietersen-19296
LE Plunkett,/cricketers/liam-plunkett-19264
R Powell,/cricketers/rovman-powell-820351
K Rabada,/cricketers/kagiso-rabada-550215
Rasikh Salam,/cricketers/rasikh-salam-1161489
JA Richardson,/cricketers/jhye-richardson-774223
BJ Rohrer,/cricketers/ben-rohrer-7547
RR Rossouw,/cricketers/rilee-rossouw-318845
JJ Roy,/cricketers/jason-roy-298438
AD Russell,/cricketers/andre-russell-276298
SE Rutherford,/cricketers/sherfane-rutherford-914541
C Sakariya,/cricketers/chetan-sakariya-1131754
PD Salt,/cricketers/phil-salt-669365
AM Salvi,/cricketers/aavishkar-salvi-34264
DR Sams,/cricketers/daniel-sams-826901
SV Samson,/cricketers/sanju-samson-425943
MN Samuels,/cricketers/marlon-samuels-52983
GS Sandhu,/cricketers/gurinder-sandhu-499660
PJ Sangwan,/cricketers/pradeep-sangwan-279545
V Sehwag,/cricketers/virender-sehwag-35263
TL Seifert,/cricketers/tim-seifert-625964
PP Shaw,/cricketers/prithvi-shaw-1070168
Shoaib Malik,/cricketers/shoaib-malik-42657
LR Shukla,/cricketers/laxmi-shukla-34019
R Shukla,/cricketers/rahul-shukla-390547
SPD Smith,/cricketers/steven-smith-267192
S Sriram,/cricketers/sridharan-sriram-34118
MP Stoinis,/cricketers/marcus-stoinis-325012
T Stubbs,/cricketers/tristan-stubbs-595978
J Suchith,/cricketers/jagadeesha-suchith-527663
Sumit Kumar,/cricketers/sumit-kumar-1159734
AP Tare,/cricketers/aditya-tare-333904
LRPL Taylor,/cricketers/ross-taylor-38699
R Tewatia,/cricketers/rahul-tewatia-423838
MK Tiwary,/cricketers/manoj-tiwary-35565
SS Tiwary,/cricketers/saurabh-tiwary-35390
JD Unadkat,/cricketers/jaydev-unadkat-390484
RE van der Merwe,/cricketers/roelof-van-der-merwe-47850
DL Vettori,/cricketers/daniel-vettori-38710
GH Vihari,/cricketers/hanuma-vihari-452044
MS Wade,/cricketers/matthew-wade-230193
DA Warner,/cricketers/david-warner-219889
LB Williams,/cricketers/lizaad-williams-379887
CR Woakes,/cricketers/chris-woakes-247235
J Yadav,/cricketers/jayant-yadav-447587
Lalit Yadav,/cricketers/lalit-yadav-930189
UT Yadav,/cricketers/umesh-yadav-376116
Yuvraj Singh,/cricketers/yuvraj-singh-36084
AD Nath,/cricketers/akshdeep-nath-500360
SS Agarwal,/cricketers/shubham-agarwal-1079668
Ankit Soni,/cricketers/ankit-soni-1083128
Basil Thampi,/cricketers/basil-thampi-732291
ER Dwivedi,/cricketers/eklavya-dwivedi-340841
JP Faulkner,/cricketers/james-faulkner-270484
Ishan Kishan,/cricketers/ishan-kishan-720471
S Kaushik,/cricketers/shivil-kaushik-917213
DS Kulkarni,/cricketers/dhawal-kulkarni-277955
P Kumar,/cricketers/praveen-kumar-30732
MM Patel,/cricketers/munaf-patel-32965
NB Singh,/cricketers/nathu-singh-853259
PV Tambe,/cricketers/pravin-tambe-587152
Tejas Baroka,/cricketers/tejas-baroka-1082859
AJ Tye,/cricketers/andrew-tye-459508
Azmatullah Omarzai,/cricketers/azmatullah-omarzai-819429
LH Ferguson,/cricketers/lockie-ferguson-493773
SH Johnson,/cricketers/spencer-johnson-1123718
AS Joseph,/cricketers/alzarri-joseph-670031
Kartik Tyagi,/cricketers/kartik-tyagi-1122918
JB Little,/cricketers/josh-little-928067
A Manohar,/cricketers/abhinav-manohar-778963
DA Miller,/cricketers/david-miller-321777
DG Nalkande,/cricketers/darshan-nalkande-1111917
Noor Ahmad,/cricketers/noor-ahmad-1182529
HH Pandya,/cricketers/hardik-pandya-625371
Rashid Khan,/cricketers/rashid-khan-793463
B Sai Sudharsan,/cricketers/sai-sudharsan-1151288
R Sai Kishore,/cricketers/sai-kishore-1048739
S Sandeep Warrier,/cricketers/sandeep-warrier-592735
M Shahrukh Khan,/cricketers/m-shahrukh-khan-719719
MD Shanaka,/cricketers/dasun-shanaka-437316
BR Sharath,/cricketers/br-sharath-917231
Shubman Gill,/cricketers/shubman-gill-1070173
MJ Suthar,/cricketers/manav-suthar-1175426
KS Williamson,/cricketers/kane-williamson-277906
Yash Dayal,/cricketers/yash-dayal-1159720
KJ Abbott,/cricketers/kyle-abbott-297583
YA Abdulla,/cricketers/yusuf-abdulla-224367
L Ablish,/cricketers/love-ablish-26236
FA Allen,/cricketers/fabian-allen-670013
HM Amla,/cricketers/hashim-amla-43906
Anureet Singh,/cricketers/anureet-singh-376324
VG Arora,/cricketers/vaibhav-arora-1209292
Arshdeep Singh,/cricketers/arshdeep-singh-1125976
M Ashwin,/cricketers/murugan-ashwin-528067
P Awana,/cricketers/parvinder-awana-323131
Azhar Mahmood,/cricketers/azhar-mahmood-39024
JM Bairstow,/cricketers/jonny-bairstow-297433
AB Barath,/cricketers/adrian-barath-274926
RA Bawa,/cricketers/raj-bawa-1292502
F Behardien,/cricketers/farhaan-behardien-44410
BA Bhatt,/cricketers/bhargav-bhatt-433410
Bipul Sharma,/cricketers/bipul-sharma-35928
MS Bisla,/cricketers/manvinder-bisla-27280
RS Bopara,/cricketers/ravi-bopara-10582
RR Bose,/cricketers/ranadeb-bose-27572
KC Cariappa,/cricketers/kc-cariappa-777537
RD Chahar,/cricketers/rahul-chahar-1064812
SD Chitnis,/cricketers/siddharth-chitnis-337916
SS Cottrell,/cricketers/sheldon-cottrell-495551
P Dharmani,/cricketers/pankaj-dharmani-28067
R Dhawan,/cricketers/rishi-dhawan-290727
P Dogra,/cricketers/paras-dogra-28160
NT Ellis,/cricketers/nathan-ellis-826915
Gagandeep Singh,/cricketers/gagandeep-singh-28758
CH Gayle,/cricketers/chris-gayle-51880
K Goel,/cricketers/karan-goel-28997
K Gowtham,/cricketers/krishnappa-gowtham-424377
MJ Guptill,/cricketers/martin-guptill-226492
Gurkeerat Singh,/cricketers/gurkeerat-singh-mann-537124
Gurnoor Brar,/cricketers/gurnoor-brar-1287033
Harpreet Brar,/cricketers/harpreet-brar-1168641
Harpreet Singh,/cricketers/harpreet-singh-340854
BE Hendricks,/cricketers/beuran-hendricks-379927
MJ Henry,/cricketers/matt-henry-506612
DJ Hooda,/cricketers/deepak-hooda-497121
MG Johnson,/cricketers/mitchell-johnson-6033
M Kaif,/cricketers/mohammad-kaif-29990
Karanveer Singh,/cricketers/karanveer-singh-322535
M Kartik,/cricketers/murali-kartik-30049
SM Katich,/cricketers/simon-katich-6128
U Kaul,/cricketers/uday-kaul-30235
V Kaverappa,/cricketers/vidwath-kaverappa-1155262
T Kohli,/cricketers/taruwar-kohli-331855
B Lee,/cricketers/brett-lee-6278
LS Livingstone,/cricketers/liam-livingstone-403902
R McLaren,/cricketers/ryan-mclaren-46393
DJ Malan,/cricketers/dawid-malan-236489
VS Malik,/cricketers/vikramjeet-malik-31738
PN Mankad,/cricketers/prerak-mankad-956871
AK Markram,/cricketers/aiden-markram-600498
SE Marsh,/cricketers/shaun-marsh-6683
AD Mascarenhas,/cricketers/dimitri-mascarenhas-16932
RP Meredith,/cricketers/riley-meredith-961713
Mohit Rathee,/cricketers/mohit-rathee-1349361
EJG Morgan,/cricketers/eoin-morgan-24598
WA Mota,/cricketers/wilkin-mota-31041
Mujeeb Ur Rahman,/cricketers/mujeeb-ur-rahman-974109
NS Naik,/cricketers/nikhil-naik-554700
T Natarajan,/cricketers/t-natarajan-802575
AM Nayar,/cricketers/abhishek-nayar-32091
MG Neser,/cricketers/michael-neser-376169
LA Pomersbach,/cricketers/luke-pomersbach-232284
N Pooran,/cricketers/nicholas-pooran-604302
IC Porel,/cricketers/ishan-porel-967603
RR Powar,/cricketers/ramesh-powar-32391
Prabhsimran Singh,/cricketers/prabhsimran-singh-1161024
CA Pujara,/cricketers/cheteshwar-pujara-32540
KL Rahul,/cricketers/kl-rahul-422108
PBB Rajapaksa,/cricketers/bhanuka-rajapaksa-342619
AU Rashid,/cricketers/adil-rashid-244497
Ravi Bishnoi,/cricketers/ravi-bishnoi-1175441
NJ Rimmington,/cricketers/nathan-rimmington-7443
P Sahu,/cricketers/pardeep-sahu-34155
N Saini,/cricketers/nitin-saini-274785
Sandeep Sharma,/cricketers/sandeep-sharma-438362
RR Sarwan,/cricketers/ramnaresh-sarwan-52969
R Sathish,/cricketers/rajagopal-sathish-33870
Jalaj S Saxena,/cricketers/jalaj-saxena-237199
AR Sharma,/cricketers/ashutosh-sharma-1131978
JM Sharma,/cricketers/jitesh-sharma-721867
Shashank Singh,/cricketers/shashank-singh-377534
Shivam Sharma,/cricketers/shivam-sharma-717201
Shivam Singh,/cricketers/shivam-singh-1380113
MW Short,/cricketers/matthew-short-605575
Sikandar Raza,/cricketers/sikandar-raza-299572
VRV Singh,/cricketers/vikram-singh-35281
OF Smith,/cricketers/odean-smith-820691
RS Sodhi,/cricketers/reetinder-sodhi-34078
BB Sran,/cricketers/barinder-sran-537126
S Sreesanth,/cricketers/sreesanth-34274
SJ Srivastava,/cricketers/shalabh-srivastava-34245
TM Srivastava,/cricketers/tanmay-srivastava-35401
Sunny Singh,/cricketers/sunny-singh-35282
Swapnil Singh,/cricketers/swapnil-singh-232292
A Taide,/cricketers/atharva-taide-1125958
PC Valthaty,/cricketers/paul-valthaty-35630
CV Varun,/cricketers/varun-chakravarthy-1108375
GC Viljoen,/cricketers/hardus-viljoen-375126
M Vohra,/cricketers/manan-vohra-532856
B Akhil,/cricketers/balachandra-akhil-26206
Y Gnaneswara Rao,/cricketers/gnaneswara-rao-28830
RV Gomez,/cricketers/raiphi-gomez-28846
BJ Hodge,/cricketers/brad-hodge-5674
M Klinger,/cricketers/michael-klinger-6161
P Parameswaran,/cricketers/prasanth-parameswaran-279562
P Prasanth,/cricketers/padmanabhan-prasanth-32211
OA Shah,/cricketers/owais-shah-20123
R Vinay Kumar,/cricketers/vinay-kumar-35731
T Banton,/cricketers/tom-banton-877051
SE Bond,/cricketers/shane-bond-36326
MV Boucher,/cricketers/mark-boucher-44111
DM Bravo,/cricketers/darren-bravo-277472
PVD Chameera,/cricketers/dushmantha-chameera-552152
A Chopra,/cricketers/aakash-chopra-27639
DB Das,/cricketers/debabrata-das-328163
C de Grandhomme,/cricketers/colin-de-grandhomme-55395
M de Lange,/cricketers/marchant-de-lange-393279
JL Denly,/cricketers/joe-denly-12454
SC Ganguly,/cricketers/sourav-ganguly-28779
RS Gavaskar,/cricketers/rohan-gavaskar-28792
AN Ghosh,/cricketers/arindam-ghosh-220435
SP Goswami,/cricketers/shreevats-goswami-302579
CJ Green,/cricketers/chris-green-787073
HF Gurney,/cricketers/harry-gurney-244639
BJ Haddin,/cricketers/brad-haddin-5560
Harshit Rana,/cricketers/harshit-rana-1312645
GB Hogg,/cricketers/brad-hogg-5681
B Indrajith,/cricketers/baba-indrajith-477069
Iqbal Abdulla,/cricketers/iqbal-abdulla-277237
VR Iyer,/cricketers/venkatesh-iyer-851403
SP Jackson,/cricketers/sheldon-jackson-237696
JH Kallis,/cricketers/jacques-kallis-45789
K Khejroliya,/cricketers/kulwant-khejroliya-1083033
CK Langeveldt,/cricketers/charl-langeveldt-45963
Litton Das,/cricketers/litton-das-536936
Mashrafe Mortaza,/cricketers/mashrafe-mortaza-56007
BAW Mendis,/cricketers/ajantha-mendis-268739
Mohammad Hafeez,/cricketers/mohammad-hafeez-41434
SP Narine,/cricketers/sunil-narine-230558
S Narwal,/cricketers/sumit-narwal-32084
MB Parmar,/cricketers/mohnish-parmar-240734
YK Pathan,/cricketers/yusuf-pathan-32498
RT Ponting,/cricketers/ricky-ponting-7133
M Prasidh Krishna,/cricketers/prasidh-krishna-917159
Y Prithvi Raj,/cricketers/prithvi-raj-1121579
A Raghuvanshi,/cricketers/angkrish-raghuvanshi-1292495
Rahmanullah Gurbaz,/cricketers/rahmanullah-gurbaz-974087
Ramandeep Singh,/cricketers/ramandeep-singh-1079470
N Rana,/cricketers/nitish-rana-604527
AS Roy,/cricketers/anukul-roy-1079839
Salman Butt,/cricketers/salman-butt-42683
SS Sarkar,/cricketers/sourav-sarkar-34402
JPR Scantlebury-Searles,/cricketers/javon-searles-230554
SMSM Senanayake,/cricketers/sachithra-senanayake-273439
SS Shaikh,/cricketers/shoaib-shaikh-377437
Shakib Al Hasan,/cricketers/shakib-al-hasan-56143
Shivam Mavi,/cricketers/shivam-mavi-1079848
Shoaib Akhtar,/cricketers/shoaib-akhtar-42655
RK Singh,/cricketers/rinku-singh-723105
MA Starc,/cricketers/mitchell-starc-311592
Suyash Sharma,/cricketers/suyash-sharma-1350792
T Taibu,/cricketers/tatenda-taibu-55805
RN ten Doeschate,/cricketers/ryan-ten-doeschate-47660
A Tomar,/cricketers/abhijeet-tomar-1081183
RA Tripathi,/cricketers/rahul-tripathi-446763
Umar Gul,/cricketers/umar-gul-43524
MN van Wyk,/cricketers/morne-van-wyk-47711
D Wiese,/cricketers/david-wiese-221140
SA Yadav,/cricketers/suryakumar-yadav-446507
Yashpal Singh,/cricketers/yashpal-singh-36130
Arshad Khan,/cricketers/arshad-khan-1244751
A Badoni,/cricketers/ayush-badoni-1151270
S Joseph,/cricketers/shamar-joseph-1356971
AA Kulkarni,/cricketers/arshin-kulkarni-1403153
E Lewis,/cricketers/evin-lewis-431901
KR Mayers,/cricketers/kyle-mayers-348056
Mohsin Khan,/cricketers/mohsin-khan-1132005
Naveen-ul-Haq,/cricketers/naveen-ul-haq-793447
D Padikkal,/cricketers/devdutt-padikkal-1119026
KH Pandya,/cricketers/krunal-pandya-471342
KS Sharma,/cricketers/karan-sharma-1246518
R Shepherd,/cricketers/romario-shepherd-677077
M Siddharth,/cricketers/manimaran-siddharth-1151286
Yash Thakur,/cricketers/yash-thakur-1070196
AJ Turner,/cricketers/ashton-turner-500268
MP Yadav,/cricketers/mayank-yadav-1292563
Yudhvir Singh,/cricketers/yudhvir-singh-1206052
AN Ahmed,/cricketers/abu-nechim-228430
Anmolpreet Singh,/cricketers/anmolpreet-singh-851261
JC Archer,/cricketers/jofra-archer-669855
JP Behrendorff,/cricketers/jason-behrendorff-272477
STR Binny,/cricketers/stuart-binny-27223
AC Blizzard,/cricketers/aiden-blizzard-4498
D Brevis,/cricketers/dewald-brevis-1070665
JJ Bumrah,/cricketers/jasprit-bumrah-625383
JC Buttler,/cricketers/jos-buttler-308967
YS Chahal,/cricketers/yuzvendra-chahal-430246
G Coetzee,/cricketers/gerald-coetzee-596010
BCJ Cutting,/cricketers/ben-cutting-230371
A Dananjaya,/cricketers/akila-dananjaya-574178
TH David,/cricketers/tim-david-892749
BR Dunk,/cricketers/ben-dunk-388678
CRD Fernando,/cricketers/dilhara-fernando-48835
JEC Franklin,/cricketers/james-franklin-37004
S Gopal,/cricketers/shreyas-gopal-344580
R Goyal,/cricketers/raghav-goyal-1350770
C Green,/cricketers/cameron-green-1076713
DJ Jacobs,/cricketers/davy-jacobs-45782
D Jansen,/cricketers/duan-jansen-595954
M Jansen,/cricketers/marco-jansen-696401
ST Jayasuriya,/cricketers/sanath-jayasuriya-49209
A Kamboj,/cricketers/anshul-kamboj-1175428
K Kartikeya,/cricketers/kumar-kartikeya-1159843
MA Khote,/cricketers/musavir-khote-30220
SD Lad,/cricketers/siddhesh-lad-422342
RE Levi,/cricketers/richard-levi-46148
MJ McClenaghan,/cricketers/mitchell-mcclenaghan-319439
CJ McKay,/cricketers/clint-mckay-6903
C Madan,/cricketers/chandan-madan-31104
SL Malinga,/cricketers/lasith-malinga-49758
A Madhwal,/cricketers/akash-madhwal-1206039
KT Maphaka,/cricketers/kwena-maphaka-1294342
M Markande,/cricketers/mayank-markande-1081442
TS Mills,/cricketers/tymal-mills-459257
Mohammad Ashraful,/cricketers/mohammad-ashraful-55988
Mohammad Nabi,/cricketers/mohammad-nabi-25913
SZ Mulani,/cricketers/shams-mulani-1131607
AG Murtaza,/cricketers/ali-murtaza-26490
Naman Dhir,/cricketers/naman-dhir-1287032
C Nanda,/cricketers/chetanya-nanda-32093
GR Napier,/cricketers/graham-napier-17991
A Nel,/cricketers/andre-nel-46569
JL Pattinson,/cricketers/james-pattinson-272465
RV Pawar,/cricketers/rajesh-pawar-32305
RJ Peterson,/cricketers/robin-peterson-46750
KA Pollard,/cricketers/kieron-pollard-230559
SM Pollock,/cricketers/shaun-pollock-46774
RW Price,/cricketers/ray-price-55698
RR Raje,/cricketers/rohan-raje-290713
L Ronchi,/cricketers/luke-ronchi-7502
R Sanjay Yadav,/cricketers/sanjay-yadav-1048841
K Santokie,/cricketers/krishmar-santokie-314622
PR Shah,/cricketers/pinal-shah-34282
RA Shaikh,/cricketers/rahil-shaikh-279460
HR Shokeen,/cricketers/hrithik-shokeen-1175423
LMP Simmons,/cricketers/lendl-simmons-53116
P Suyal,/cricketers/pawan-suyal-431213
YV Takawale,/cricketers/yogesh-takawale-35357
AS Tendulkar,/cricketers/arjun-tendulkar-1148776
SR Tendulkar,/cricketers/sachin-tendulkar-35320
DJ Thornely,/cricketers/dominic-thornely-8002
N Thushara,/cricketers/nuwan-thushara-955235
NT Tilak Varma,/cricketers/tilak-varma-1170265
Vishnu Vinod,/cricketers/vishnu-vinod-732293
N Wadhera,/cricketers/nehal-wadhera-1151273
L Wood,/cricketers/luke-wood-573170
VS Yeligati,/cricketers/vikrant-yeligati-307448
UA Birla,/cricketers/udit-birla-262533
MJ Clarke,/cricketers/michael-clarke-4578
CJ Ferguson,/cricketers/callum-ferguson-5236
Kamran Khan,/cricketers/kamran-khan-391121
B Kumar,/cricketers/bhuvneshwar-kumar-326016
NL McCullum,/cricketers/nathan-mccullum-37749
AP Majumdar,/cricketers/anustup-majumdar-31750
SS Mundhe,/cricketers/shrikant-mundhe-279862
TD Paine,/cricketers/tim-paine-7252
Parvez Rasool,/cricketers/parvez-rasool-378496
S Rana,/cricketers/sachin-rana-33757
M Rawat,/cricketers/mahesh-rawat-33440
KW Richardson,/cricketers/kane-richardson-272262
JD Ryder,/cricketers/jesse-ryder-38373
GC Smith,/cricketers/graeme-smith-47270
JE Taylor,/cricketers/jerome-taylor-53191
AC Thomas,/cricketers/alfonso-thomas-47569
K Upadhyay,/cricketers/krishnakant-upadhyay-431876
SB Wagh,/cricketers/shrikant-wagh-279552
LJ Wright,/cricketers/luke-wright-23460
Abdul Basith,/cricketers/abdul-basith-1287067
Anuj Rawat,/cricketers/anuj-rawat-1123073
SA Asnodkar,/cricketers/swapnil-asnodkar-26782
N Burger,/cricketers/nandre-burger-971349
LA Carseldine,/cricketers/lee-carseldine-4541
A Chandila,/cricketers/ajit-chandila-27783
AA Chavan,/cricketers/ankeet-chavan-337913
P Chopra,/cricketers/prashant-chopra-500135
KK Cooper,/cricketers/kevon-cooper-371814
AP Dole,/cricketers/aditya-dole-236694
ND Doshi,/cricketers/nayan-doshi-12440
R Dravid,/cricketers/rahul-dravid-28114
SB Dubey,/cricketers/shubham-dubey-1252585
FY Fazal,/cricketers/faiz-fazal-28671
D Ferreira,/cricketers/donovan-ferreira-698315
Harmeet Singh,/cricketers/harmeet-singh-422847
SM Harwood,/cricketers/shane-harwood-5605
T Henderson,/cricketers/tyron-henderson-45434
YBK Jaiswal,/cricketers/yashasvi-jaiswal-1151278
DC Jurel,/cricketers/dhruv-jurel-1175488
Kamran Akmal,/cricketers/kamran-akmal-41028
H Klaasen,/cricketers/heinrich-klaasen-436757
T Kohler-Cadmore,/cricketers/tom-kohler-cadmore-470633
TK Kotian,/cricketers/tanush-kotian-1125960
DS Lehmann,/cricketers/darren-lehmann-6285
MK Lomror,/cricketers/mahipal-lomror-853265
OC McCoy,/cricketers/obed-mccoy-906783
KA Maharaj,/cricketers/keshav-maharaj-267724
DR Martyn,/cricketers/damien-martyn-6513
AL Menaria,/cricketers/ashok-menaria-371150
S Midhun,/cricketers/sudhesan-midhun-1131619
Pankaj Singh,/cricketers/pankaj-singh-32973
R Parag,/cricketers/riyan-parag-1079434
NK Patel,/cricketers/niraj-patel-32240
AG Paunikar,/cricketers/amit-paunikar-324444
MDKJ Perera,/cricketers/kusal-perera-300631
GD Phillips,/cricketers/glenn-phillips-823509
RJ Quiney,/cricketers/rob-quiney-211854
AS Raut,/cricketers/abhishek-raut-230593
JE Root,/cricketers/joe-root-303669
Sachin Baby,/cricketers/sachin-baby-432783
NA Saini,/cricketers/navdeep-saini-700167
D Salunkhe,/cricketers/dinesh-salunkhe-278482
KR Sen,/cricketers/kuldeep-sen-1163695
T Shamsi,/cricketers/tabraiz-shamsi-379145
DJM Short,/cricketers/d-arcy-short-308798
A Singh,/cricketers/amit-singh-26789
IS Sodhi,/cricketers/ish-sodhi-559066
Sohail Tanvir,/cricketers/sohail-tanvir-43265
SW Tait,/cricketers/shaun-tait-8076
O Thomas,/cricketers/oshane-thomas-914567
SK Trivedi,/cricketers/siddharth-trivedi-35353
A Uniyal,/cricketers/amit-uniyal-35586
HE van der Dussen,/cricketers/rassie-van-der-dussen-337790
AC Voges,/cricketers/adam-voges-8119
SK Warne,/cricketers/shane-warne-8166
K Yadav,/cricketers/kuldip-yadav-1206495
DH Yagnik,/cricketers/dishant-yagnik-36071
Younis Khan,/cricketers/younis-khan-43652
A Zampa,/cricketers/adam-zampa-379504
SM Boland,/cricketers/scott-boland-446548
PSP Handscomb,/cricketers/peter-handscomb-334337
UT Khawaja,/cricketers/usman-khawaja-215155
Washington Sundar,/cricketers/washington-sundar-719715
PW Hasaranga,/cricketers/wanindu-hasaranga-784379
SA Abbott,/cricketers/sean-abbott-398666
Abdur Razzak,/cricketers/abdur-razzak-56283
Akash Deep,/cricketers/akash-deep-1176959
KP Appanna,/cricketers/kp-appanna-269170
S Aravind,/cricketers/sreenath-aravind-290632
J Arunkumar,/cricketers/jagadeesh-arunkumar-26291
RR Bhatkal,/cricketers/raju-bhatkal-27150
R Bishnoi,/cricketers/rajesh-bishnoi-236766
MG Bracewell,/cricketers/michael-bracewell-326968
S Chanderpaul,/cricketers/shivnarine-chanderpaul-51469
SD Chauhan,/cricketers/saurav-chauhan-1287369
A Choudhary,/cricketers/aniket-choudhary-527299
MJ Dagar,/cricketers/mayank-dagar-942367
D du Preez,/cricketers/dillon-du-preez-44938
GHS Garton,/cricketers/george-garton-643433
TM Head,/cricketers/travis-head-530011
WG Jacks,/cricketers/will-jacks-897549
W Jaffer,/cricketers/wasim-jaffer-29646
KA Jamieson,/cricketers/kyle-jamieson-625960
SB Joshi,/cricketers/sunil-joshi-29725
AA Kazi,/cricketers/abrar-kazi-422106
V Kohli,/cricketers/virat-kohli-253802
A Kumble,/cricketers/anil-kumble-30176
NJ Maddinson,/cricketers/nic-maddinson-333780
Misbah-ul-Haq,/cricketers/misbah-ul-haq-41378
A Mithun,/cricketers/abhimanyu-mithun-310958
Mohammed Siraj,/cricketers/mohammed-siraj-940973
R Ninan,/cricketers/ryan-ninan-353669
AA Noffke,/cricketers/ashley-noffke-6938
AUK Pathan,/cricketers/asad-pathan-430401
RM Patidar,/cricketers/rajat-patidar-823703
DT Patil,/cricketers/devraj-patil-32389
JR Philippe,/cricketers/josh-philippe-1124282
SS Prabhudessai,/cricketers/suyash-prabhudessai-1083851
R Rampaul,/cricketers/ravi-rampaul-52912
P Ray Barman,/cricketers/prayas-ray-barman-1159712
Shahbaz Ahmed,/cricketers/shahbaz-ahmed-1159711
DJG Sammy,/cricketers/daren-sammy-53115
H Sharma,/cricketers/himanshu-sharma-1350761
B Stanlake,/cricketers/billy-stanlake-533042
J Syed Mohammad,/cricketers/jamaluddin-syed-mohammad-35261
RJW Topley,/cricketers/reece-topley-461632
I Udana,/cricketers/isuru-udana-328026
JJ van der Wath,/cricketers/johan-van-der-wath-47693
V Vyshak,/cricketers/vijaykumar-vyshak-777815
VH Zol,/cricketers/vijay-zol-554699
Abdul Samad,/cricketers/abdul-samad-1175485
HC Brook,/cricketers/harry-brook-911707
Fazalhaq Farooqi,/cricketers/fazalhaq-farooqi-974175
AD Hales,/cricketers/alex-hales-249866
AJ Hosein,/cricketers/akeal-hosein-530812
K Nitish Kumar Reddy,/cricketers/nitish-kumar-reddy-1175496
Sanvir Singh,/cricketers/sanvir-singh-1132219
X Thalaivan Sargunam,/cricketers/thalaivan-sargunam-319744
Umran Malik,/cricketers/umran-malik-1246528
Virat Singh,/cricketers/virat-singh-720465
Vivrant Sharma,/cricketers/vivrant-sharma-1252370
V Viyaskanth,/cricketers/vijayakanth-viyaskanth-1153149
